-- phpMyAdmin SQL Dump
-- version 5.0.4
-- https://www.phpmyadmin.net/
--
-- Servidor: 127.0.0.1
-- Tiempo de generación: 14-07-2021 a las 21:52:16
-- Versión del servidor: 10.4.17-MariaDB
-- Versión de PHP: 7.3.27

SET SQL_MODE = "NO_AUTO_VALUE_ON_ZERO";
START TRANSACTION;
SET time_zone = "+00:00";


/*!40101 SET @OLD_CHARACTER_SET_CLIENT=@@CHARACTER_SET_CLIENT */;
/*!40101 SET @OLD_CHARACTER_SET_RESULTS=@@CHARACTER_SET_RESULTS */;
/*!40101 SET @OLD_COLLATION_CONNECTION=@@COLLATION_CONNECTION */;
/*!40101 SET NAMES utf8mb4 */;

--
-- Base de datos: `smss_db`
--

-- --------------------------------------------------------

--
-- Estructura de tabla para la tabla `tbl_customers`
--

CREATE TABLE `tbl_customers` (
  `CustomerID` int(11) NOT NULL,
  `Username` varchar(30) DEFAULT NULL,
  `PASSWORD` varchar(30) DEFAULT NULL,
  `Role` varchar(30) DEFAULT NULL,
  `Firstname` varchar(30) DEFAULT NULL,
  `Middlename` varchar(30) DEFAULT NULL,
  `Lastname` varchar(30) DEFAULT NULL,
  `Address` varchar(30) DEFAULT NULL,
  `EmailAddress` varchar(30) DEFAULT NULL
) ENGINE=InnoDB DEFAULT CHARSET=utf8mb4;

--
-- Volcado de datos para la tabla `tbl_customers`
--

INSERT INTO `tbl_customers` (`CustomerID`, `Username`, `PASSWORD`, `Role`, `Firstname`, `Middlename`, `Lastname`, `Address`, `EmailAddress`) VALUES
(3, 'administrador', '1234abcd..', 'admin', 'admin', 'admin', NULL, 'Calle 14', 'hola@cnofiguroweb.com'),
(5, 'comprador', '1234abcd..', 'User', 'Daniel', 'Pachon', 'Gutierrez', 'Calle con Carrera', 'comprador@cweb.com'),
(6, 'mansev', '1234abcd..', 'User', 'Mauricio', 'Sevilla', 'Britto', 'Valle del Cauca', 'msevillab@gmail.com'),
(7, 'marce', '1234abcd..', 'User', 'Marcela', 'Castro', 'Paez', 'Cualquier Dirección', 'mcastro@cweb.com'),
(8, 'emi', '12345', 'User', 'Emilia', 'Jurado', 'Quiroz', 'AV Casas Aleman ', 'fernandocatalan001@gmail.com'),
(9, 'sandi', '1234', 'User', 'Sandra', 'Gonzalez', 'Reynoso', 'AV Casas Aleman ', 'hernandocatalan001@gmail.com'),
(10, 'yola', '1234', 'User', 'Yolanda', 'Quiroz', 'Sanchez', 'AV Casas nuevoleon', 'ndocatalan001@gmail.com'),
(11, 'pedro', '12345', 'User', 'pedro', 'pedro', 'pedro', 'santa ana', 'emilia@gmail.com'),
(12, 'pedro', '12345', 'User', 'pedro', 'pedro', 'pedro', 'santa ana', 'emilia@gmail.com'),
(13, 'pedro', '12345', 'User', 'pedro', 'pedro', 'pedro', 'santa ana', 'emilia@gmail.com'),
(14, 'luis', '123', 'User', 'luiss', 'linar', 'de la o', 'san fer', 'emilis@gmail.com'),
(15, 'carlos', '123456', 'User', 'carlos', 'Quiroz', 'Reynoso', 'AV Casas ', 'hernandocatalan001@gmail.com'),
(16, 'sdsd', 'sdd', 'User', 'sdd', 'sd', 'weewe', 'wewewe', 'sd@gmail.com'),
(17, 'Con', 'sadsd', 'User', 'sdsds', 'xzx', 'sddsd', 'sdsd', 'sdsd@gmail.com'),
(18, 'Migue', 'qwe', 'User', 'Miguel', 'Jurado', 'Alvarez', 'AV Casas Lonardo', 'migue001@gmail.com'),
(19, 'Orlando', 'qwe', 'User', 'Orlando', 'Peña', 'Cruz', 'calle Benito Juarez', 'Orlando01@hotmail.com');

-- --------------------------------------------------------

--
-- Estructura de tabla para la tabla `tbl_nombers`
--

CREATE TABLE `tbl_nombers` (
  `ProductID` int(11) NOT NULL,
  `name_one` varchar(30) COLLATE utf8_bin DEFAULT NULL,
  `name_two` varchar(30) COLLATE utf8_bin DEFAULT NULL,
  `name_tree` varchar(30) COLLATE utf8_bin DEFAULT NULL,
  `surname` varchar(30) COLLATE utf8_bin DEFAULT NULL,
  `surname_two` varchar(30) COLLATE utf8_bin DEFAULT NULL,
  `nickname` varchar(30) COLLATE utf8_bin DEFAULT NULL,
  `ImageName` varchar(50) COLLATE utf8_bin DEFAULT NULL,
  `Image` longblob DEFAULT NULL
) ENGINE=InnoDB DEFAULT CHARSET=utf8 COLLATE=utf8_bin;

-- --------------------------------------------------------

--
-- Estructura de tabla para la tabla `tbl_orders`
--

CREATE TABLE `tbl_orders` (
  `OrderID` int(11) NOT NULL,
  `ProductID` int(11) DEFAULT NULL,
  `CustomerID` int(11) DEFAULT NULL,
  `Size` varchar(30) DEFAULT NULL,
  `Color` varchar(30) DEFAULT NULL,
  `DateOrdered` varchar(30) DEFAULT NULL
) ENGINE=InnoDB DEFAULT CHARSET=utf8mb4;

--
-- Volcado de datos para la tabla `tbl_orders`
--

INSERT INTO `tbl_orders` (`OrderID`, `ProductID`, `CustomerID`, `Size`, `Color`, `DateOrdered`) VALUES
(9, 7, 10, 'supergrandeeee', 'rojo', '2021/07/10'),
(15, 6, 18, 'mediano', 'verde', '2021/07/11'),
(17, 6, 18, 'inmenso', 'rosa', '2021/07/12'),
(18, 7, 18, 'paqueñito', 'cacahuate', '2021/07/12'),
(19, 6, 19, 'pequeño', 'verde oscuro', '2021/07/14');

-- --------------------------------------------------------

--
-- Estructura de tabla para la tabla `tbl_products`
--

CREATE TABLE `tbl_products` (
  `ProductID` int(11) NOT NULL,
  `Productname` varchar(30) DEFAULT NULL,
  `ProductBrand` varchar(30) DEFAULT NULL,
  `ProductSize` varchar(30) DEFAULT NULL,
  `ProductColor` varchar(30) DEFAULT NULL,
  `ProductPrice` varchar(30) DEFAULT NULL,
  `ProductCategory` varchar(30) DEFAULT NULL,
  `ProductImageName` varchar(50) DEFAULT NULL,
  `ProductImage` text DEFAULT NULL
) ENGINE=InnoDB DEFAULT CHARSET=utf8mb4;

--
-- Volcado de datos para la tabla `tbl_products`
--

INSERT INTO `tbl_products` (`ProductID`, `Productname`, `ProductBrand`, `ProductSize`, `ProductColor`, `ProductPrice`, `ProductCategory`, `ProductImageName`, `ProductImage`) VALUES
(6, 'Samsung Galaxy A50 128GB - Neg', 'Samsung Galaxy A50', '161,3 mm de alto por 76,4 mm d', 'Negro, Azul, Plata', '649900', 'Celulares', 'celular3.png', 'UklGRpwYAABXRUJQVlA4IJAYAABwiwCdASoqAcYAPm00lUemJKKhpxOamMANiU219+m+zkmBPgZ7FBMB9d+gD3n7b/qPKB49dmebZ0x5NfXf+nN8F5wPNB08nemMb44kaFnYHUc/5efdwFIG7k79l57/X7YDKB36Z9IrUO0hHK5jqvo6a7suMJx8THXz+3PetaOapFcsvt3wRNv6YCgb253Ox/3BxF5TOFCepEGvy6kZ2Ecg2X/mg4oba8nZ2lHlP3uR0c5fus1FKmJ6mxavBlmYcJvlP2YODZ7j4ahQD9S2xfnCvS7fdMP0c4sMZg8c0WaA9cZ1M+HuOhlloZ2c6wTV90b+hKFToOMPSGhLvv9OHbM0+MbbnwHzAkl0ClM2dSRRvqsvGTTD7n2rK+7Rebg3ihnagmaVQNqzBZKV7KnpqWQR2ErVywcxQ+ug1HFtT8n/ji5oPM00RCBneQXxs6N6fC32Q60AdNN+iT0H9+giCDPIgB7v/a8GPehNYdm4IIRJmszMbdZ6XzxISki5nXY4S2e+66SYCZqfA/y6qoC1VB+a2m5ibs0C3rNZ7L0hUB2qFjYpwyRQ6VCNJCliRSXf+dFm2h7E+fGyHhCwTO6e2e9QMdr+TP0zjPDXKp2YKEesSPVp0I0JRCxeKz0R1eeU6tepmdeGZs+GdJwXOXmvKbCaceuo4dRRY5EkyX6r7Wy/MkGrRHlk8xyZOv3bcMe9VvKHvbyMDfJ9SFWZneCsvpEl8NaemkvApvT13aUFCYCCForG/3uOB1+N7ied/fMHVWs5h4Q+LkiLi/wavUhA433/4PjEMGRkjO7v3lGOcbJTYuVWx6Lyw0T08iaEkh+SNaOYGJaiqWQuA0RTu+aR/Yqi6RaG7UmZmv2K3WjkpkJ30uOMbm4D3YYLud7am1pH34p029RvC3Fw/TVxsyUw+7mTpcZmuApFC9QVWU3aL+BUSjokoJpbf6aGYvAyBI3Qnsmz4LmbsKUOjwWW1hkhPgLF133TzVB2+gkpC/MPdvIdgRCDPcxmDLqw41BeAe5Tfdpn0AdyObm2CD/MGbjhrFLUTZfq7Tuu/bqxzp8BeuNEHpswlmvMbqiByhIWkGUdxADKuhy/mGKRFdmALjW6PLEuLoV8Kj4t/IIqL7+7zvRC+PSwgX4CFtzrDa6vnosJ5lug1HmRdOBDMKZtUzMtNY6CyH42ULfqJruHmIvr195JFPEDqXcKMg0B94HBLOJ7y1pqw1RfbhcX6dCH5mmokH+iDY0lZosJRgoQsPbnVHSOS6lTu6tt618mFKOeY1q/A/csEFtvaowvS3Z3IzuR0Q0NKnYSk0esYkRdAi+cfV+4eJLSvlf+SjpyLG2TwS7drzqwtO9c6mo6y24zJBvxDOlXDlpB1TGcEyu2gYBmgQMgxp2/IFRpMA4h1g59uKL8Dc6dZ2hzRUzZCODa0Y1Sl6+Qg6eDFr2AlqCxnRXEDUGXr4XbX/JdxbQ+uo5BwL6sA7ge5PjLfnWvYWQn4OnabPSku6DkAAD7p2df6F997gG3/qzwv0nqhAiM9jQNBsfVSYLLk2n8vaFZw/ZvuYUHYB8Z/6f+sx3aJXJGKZglevCExkBR3d5SnjRi5/uS3SWwN8jlCjOZq2bzwNHzAjBTalU4kO0JfJacYJ0pGmmwRgpYon7xmMMpRx/8lXxhlvh3o7h9LcmfJOCLmxTASrW4COv9ajD/ds+hVqZoV940QnmOVmf8LGxIoumyMLqN0u7RG9FN/vOP10hG0eBUcN2VGAONiO6Dm5cpcIX74Ion2U9CnOwvoWMs6VCWep0Q42Vhw0FswrjZXp5h2Ig9RZkdGNNqbGKkNl0fS1lgs7+aO5csZ1ixETFFu89zx0WtfHPVghgNKy41pm51NIBLKcdX+VbQDius1fE9/3YYZTM7+aRvQq+iDz+Be33EwmKElgEKR8KYc0PfbPW8bW9CUEUZwctohkI0011GnASZsAR7y6oFoWFIX1ITxbfG3ahp/D0zNtEl+w7plU+E0NgT8b5amghNi8AyvQQZZpIVxtSlQ0KROjh+Go/SQ/rz9EQGOwU+9B63pjCSLsN0LhJ3y0kwrMdU4rB6A6/8R+Gfc115bkATxENeapuIA4xXtbdDYr1LHuThBoroh2TZA4/D/qsdfyBP/Wf7iTwk3kftL92HAyRHc1knMIVIH1B/2OZYULEmNmkwcO/a8cTCx98f/J0nV1C2qvEjI28DlDBwlO7BhA9KYMQ1/4/mqyJ9v34dRkIbZ7iHwlmBdnoZPyktFYd0QGwdKEuY/ZHVh+JIYxpXoMLzo5GaqyL9Y67saDOlN7LSFSHyfzsN9dbgQ2TEkE8eEIhV+A962yo/yKAfsNEVF6f4qtdSL4bOxkd9fFROVvtpDVfPJdTZnGM6xVOMKS4viXoV32KsgDU94TOsKvKPHlgRHz/s953aAxUr5FMpdQMgVP2At/bjb9vHRAXkVneExebILdn/uqU725NqzqOAEmz3pywAWQZHIMrHpntbHnTWbNMGaeMMd50rKCpU3NvQYxmmMVaOHYMaetKj1c0F568Y7tqGfK7QobJzp5wqvhn0JMWwc9I7ege4J1Pd86xIpPTqrmO/okI6oYrAwob0XUHiSgAavRE7GIH1FDH9TXr2AMZAhBkoz8/9EPuC9XF48MVZaImvnwcTuhvoIx5jBq7Co8yfqwsP463S75UBcNRr34BFn49IlR0ncl/+aNfHAWjSL3392iLAgBXVMwWX7On2LCf1OtLSaoaXXEdap1LV1scHQIjrTOHfMbfvFMxZWgOpQy00Ui3aiwZqvthwDpGM2n140Cbiqx5lzEYx3p9CNan4NAvMZq80kmbrY8Ly4X3PnZ6PgCFmNgmm6r3nFMRNkj+c0yR10VAso+5bh7nTDfXJSCVv7Lvx4Ak2cezaE1LeRJkbXe4atjfUraBLdqzKYJ4feFix9Ku2578bSabFIbK+0S6Gx1sNXRW98wnpv+M5y8utK1IwYoLCdFImWj1q/UkW3VWS7mrwnCWx8F0VgeYW+gHIghf6lkGzso5taT9qVw0QM4PR8F3RPm4aODVve1Tr11Od+S6ELPSdsYCF12rs/crPOuFMKZm7n2eaU6VgMyCAviEAfVmr1hv/3QdwgZcL03YCY/lIfkr5cIy1r3sD0hzWLwiEx236VnQLn29s2prORvG+H1xpygcj/CGdRLmYqcfHbcJTjAvrK+5cNVuaG7eG1ued+Mj/Qegni0ZOLQtxYQezW9FM+zCWzpA1xOGSc454AvsgLqPv9SmgcPZuIFgJwKQDszEzL2usIXlTSnP3szpiop2p6xDZP8AYUAcoBrWK9SAM740K6PW6h1Ao/HSMTsDwvs0gSf5GxGQ78WQYjvl7ogJP2UbAydHIagGlG+MnJOULRBww/8pvsOX+F0aH1VMnoqabFoGMNCTCuk0Qk2zou6T06xojPqHaYkfEUjjZhSpLP8jQf5SNQ5JWmqQbEYnORFgvi/9Znac5HPXvXHp5WBJ2hUPtjlgcBn/F6EHV0IUQ7S0vgzYTxHcUfLrn7bX17SrOjAsgwB20k67LcGL5DAyFU48+8xhEBbxkEcyjfRbE1aitMxyYfdwz3erDPqWxDPsWeobOMToqx+tugiXs3YM5y2xaZVgpY1uIL+E2+/buDjQYTA1QhZazLWZJCZ+fifAKcJaQxm1K34Q1UcGHOWVgQS1icAgTEdQ8puLbsjRImKURdnuyDEHL1LZwSDfKrGvQ7ZRCqoPC34pSqD0jYaq6eRv4DRDLmVBCLDPYVSWih3JL0iK09bglPGWI5t2xJDoTT4C38ulOGqjdxgrvXbZfhJ3HRh6fSEnUz+mEn+6lkBamkPrhBhZGVQ3mL/X/goUSJMhrLHsDzyOHeJ3ud6e2XtB7ecfus9GzyyA6BpdHAB39mTUy5MACW0Nz4z2snFnq8xMxTEr19Ybb7wEMMCIJGyGs7Yh9/lvRgBBAV2Ps3K8TA5dwzSnOdlT6JVXNSDzqjfH14aHoZAiufqFJwUljb2+8NE2/9TbVCxoOciSTjmtlrJscZCgyNBFgRTKi5mr3ZgEoRwdhftUn7IGFLRoljY2tOJvYqK6ffeReNDgvoLpIWZEtQwNMtqMbj5C5ak1mautytrgGScdfNXD4+dV8GK3La3FiALW9aGGgVV/UplO2R/P/eO2upwhpWWOS3YiQoK1NCq2v4gzgsMe9qu20cGuOwiKifyC8w4Jo28Xv5k601lc5tiDUVme4qLOkc16x7+AkXTfXLPwaYMejBh5bhnWm2E0uMWx1g1chNJZEKicm6KS2GDbi3eVsg27FUfwhq6Js6Nr2l5Dv2/FX6QTo9/edeTsx2AFLf82k2qN6/8iqDUVb5ZH2OpEhdEuKIbkguHnj2HH7qybEyebwm7KR8vfzAzU/yST6UuqieZxU2sohRShJ4nSvX5L0pYEnY0/IgDJNBM2k/7Z4yuNCVmw3Aw7WaLuNaXguK7DmTCOPkCYaXI2idOT123rkOW6W81Tw49lk2SF0Cd3gOHwAoTCMZqUgqG1YOb7ou7lG6A7y8hJWLNj3UbIF70MgYa+qpO5BYPvw4fVm88+8SjOXtJiHBY8SPI7GAliioOC5DR0GBH4sU8DqIiq7ggaiyVpYB44dxDDeC5hC0CL98zHDLvbZlK6iXiNlzWOda1qLZXA1S9SU8z8b5BS4V5Ctcj5x8PM3imsKR7nsQLCdS5Y1TqNqAeL78UowOnjKvQZxkN5yK/pKM13zPbB2yHHA3FA+Jchg6oX3XqaP5YI7f9Bilkjoa0MXCmpHT7mnN/09PTCvMcpJMRj0uMLA9VeIfI71vBtJRDbrAUDKlZZ73xRE/ttBzwgH4ILMb8qmvYUbLSiP5oP9iTknfi93GvMX9/o/mb3WKjAavzHt9DQnHbn4HFKr4V203g2yFrcUhFMft4ek+eOyL7S+fx4hrVKRBRneF/IXs0nqatCHSFmCyfXk8b/3zPXEwhe1SZuO+3pwpRVeL6JoBqIH9U0dOH4RoIDGf+FaR756jNAHqLOtxiL3dxIWPYsS8IU2vzaMmuw770mup+7875HLkw4ecn5C1A6UBF4bc+NkabTre+53fyevAlV1YsKb8FG3IFWyNLh0evDQxWi6cV9yzCKwiI9gk5eldWappYYYNbaGTP9rGzB4dPDxZOoj3vVZfZLHofFZBSF4QKuG+/m7Hol51bwS+l7EOiSyGfyndxMZikMYfMb+lZ5bagXgtl89VvpYtauegRuAJqbG5IQhmN0axz2NxKk9pGyzqHs65u0tVC/yqT2trIigk2yBaEQZFSHCum0KXV2p/ZYClVhy5DsIRIagI0R0aM9hhUs5xwHkcyqmJaZaFfp52u1HWdNFEkp7sd/w0/ARgKFCGpO3q+9jkmxZK+WDLw/rtijLm8cPVRt8imi0Rz4x11wNMpIPzpqouGu8Um/x1Py+SLDGAAVoPSbD+AcaQ8E8a5x6jXcsegvzyRHJxKP5s25mrFhP3pokyHqWZWDpBhryVsn082hcXcVAuf/taDw6Dk63/skhPqfOft0BNBSKELT7kIeo8tVKKmtgBcBm04DnF95yZUb3n6WBul9548XTqVOt59hV8hN1ITjrzxP6CTzgNPN5Cuqnc6L1gxululdXs8cdZqT6lZOhAOiBq4JtjruJngmEGADTGvyQenpw9mVHqCQtVHjTo7afJe31M2L0wk1AENB090HqFvGgV2MFV+3vrghLGtwdWp7wdaUb1iCO/rfm9xEDwLbTiM6xaNDw8WThlvwUZfpzMiCmbkwgKh32TRVX8azIxHukGBI/PE93aNKBjPVNASTvZoIaV7ClPUmgm4r4LsblWKTxcYtRrzh1AJifVIgYN4ZD9bhixhN2M838Gr8iAtnAEKbIzOsM71HfJPbh0dRIRHlzPiiwPCYEsyupV3QmLnzDbS4x+86Ev8jw0TMGUSKb+6d6nKlo6e4dnZLTA0s//xi8bIOmWjPgDy3zQCqjwwoOznh/TT98FVEgiyqMr5vkxbm73BjsTx/E3hQ0vh2hF6FB421YdjTTKb6BtdwyVqM4oJKDx/oxrA41XOxqnfg/8foDNoe0386cS6SLEy1swyfm0eEd/QLXF/NyIRuLqX/jhOfDRsY9fjiEcG4o5MrzQl2blux/Y0haaZQlzfPnnKpukGiQYjnJevV+27nJ6vAlqxELcpj3G72s3G++sS2yqnIKaEkUeF6UnvvreKJovBdLSTckHq/bMsixbNA9IOsQeQqGVDuxIF98LvyUqvPx2KCzhrm+T4nUt6mJgzLEL0jehP5dKQF9inKICVgH8wkRU8ivrb3WciTTRnmT1luG9tcO2B4NX7yKk93FmWTBRqcWtpqQshx9gMB2dVIypcAQDyLrp6JVbYDwcSszW+b3uAAKDWk6EZ3tEZb4Yw9FOGGpT8k4nS6Rly6BaTY+QW7hWWjgCNnhImHIWAG5gHB2BG2UmPK/iy68zDtkHQV/IYgLO59CTEkUudo7CEErLmHgMmpMs6YM1rn0kv0JZVkRSCFMEB5dfhJb+csbjm9hFfCpEkp+HFOMqjFZjeWRlXAwREiJnWUf+TX8Up+Sn2sQinA5O8ndOV4oDEAVWktz4NVrfK77ODC5Zssq7DKewD3qt8n7jBOq6s6kd/NKe8KW7Kh9ynsyeICylVDzOg+MFcYD0Q9r9GQAs2zwDbsbqdzrcGyMD1nHEZ+10oOsGnEgHT70jQRFLyjhntFOEfIhyAxCzIdrydGUmxQldYGThhXt3cvqjrUAMDI/ty+rhnTKPEPlTGXrJSWQZ/I5HnGbfK+e47ylZbjfJFhr3rZF+0O7qYw16wVFtTQJtGYA/ZxmP/kWAqkAq/C0ovUw3k/B5/0QB/nm5p8TOPdd3BTK6ObyKWB6/Rof2rRfKQeXm9GcnGWUhRw5OQaOJjbhlf+9eTH0cJV7gxRpoY+Na1DhFjKN54Ahk7MBRVkxG8yz1rfOqjoosxc0jKV+v5TvwTT89tSiEXICEiQP6mBZK6n+cUNZLj+GtKJxIvSs7x53HVxJ9DQvPkhwkbs+aVBi2lzC+KIz75Fqn8WZB5y/vsMh4sL7f8rt21gZchwJatTUvmEGwKmUs67LH6GDQ12MnY/kecj0H5T0XFOuUJbp0Qtk0wpkIfZtGjFRKa0oUFnFq+i7NQ+bmqWjh/8Q1idRr/H5V7TC+6FiFaFpFqedSkUf2StRuI1BBU1iTFWyOwKNQB2eVPnVcjui8cEsxlv50+ySAlEwqP69+HlUwLcyT33OGZpevoec8EWVzS5l4uMcYb94pOP1qdZy1Li+1TwLCQW6DR8QJV2HikyuDp55d7qKDciq4jKGe4suyq7diUR0S/AsiTAeQN8LiiTJz5yWe4uJ2uwZnr+JyrOmFFEjqkZkkGjiDq+7Xxlu2AKZf0kReABLAIfrndk6zus4c0U+E5B/OEwL02+D76t1gp0qWJ7DBpNuXeIcQthdW1mR4SbWO0Tfj9BR3fVnhHpTp3/Yaic8qFnH6r/BBR1QfwHH6Pq1pbZmnT5QQbYVfbvgESDW+kWzsaXRMFR/puC+PVYNP8Qg+aXokkw7ji8NitbnYdNjuCTgrXQS4A6mrJO2uH/jCzHXaqsUrlNQxyNffvVkH2KjuTUDT30xtahhPAedW54gj+aSYlZhi1Ki8Kxx3pAg7YkoYWzxFbnXv2Kjb42jZUvQ5JEhdN0ixm2A34WS3izdm21TQSU3pd6TLJb4ryHl9dNPeUq9fIOypSa8+WSKTcA2jZTksSKeSSL/S/lN6d/TVYMetb++dOfWskeoyAcWlVrox8P2DvoYXFyxDyf0Rxwq8E/3gQYvkdPHlmISH+PTWRh3g/Zawa5GCXCnDQFF+cL1oNuKjHUiU5Ov1A2LbfTpSW/k6td65c7PLx0kxesH59QYn4Kfn3P7l7k4AqzVMWvxLzvPwi1dx4kfCSnNMo2f0t0uvvVjOaSjfOvEcHcAZPRS/OmnwUDdD5lM3J0cjT/ZVfKffWoc/vqPFw4aGiR0njng5lc9RxU0pmGBCq2MK5QuTimU6St/9bS9c1K2K1GYZBCsrcZ5+uzTKkWUlLo+TcD/RnQlRYLURAaBPM9TFsMS4mLTiOR3Ar5W+xhV96G7wppM1ogfy3yDunYT1jsT9FkaAddQinpCiRGsKoQlTpnyp88Ib7zdwUtXaJjCIpPOcuxek7XDRdjOjpQ/3+PNnNLxoecfVLbf768W7cvBhJF+d/EoNL/LRAFESe+Rdtz3jy9PB/IaddZA15VVV98OVUYvmJ0B9LHOnDAQOMSzPRST2//o7ChCMt/0SKn4Qqo0DcE/tvHTwkLJ5lzxuzJ3fHQU2oABLlUPSB4Hgl7Ck7RXVRx9K6IdNJfMAqaUE2g/eH/TXADmhhJMAAA='),
(7, 'Redmi Note 8 64 GB Negro - XIA', 'Xiaomi', '161,3 mm de alto por 76,4 mm d', 'Negro, Azul, Plata', '642000', 'Celulares', 'celulares 4.jpg', '/9j/4AAQSkZJRgABAQAAAQABAAD/4QC8RXhpZgAASUkqAAgAAAAGABIBAwABAAAAAQAAABoBBQABAAAAVgAAABsBBQABAAAAXgAAACgBAwABAAAAAgAAABMCAwABAAAAAQAAAGmHBAABAAAAZgAAAAAAAAAAdwEA6AMAAAB3AQDoAwAABgAAkAcABAAAADAyMTABkQcABAAAAAECAwAAoAcABAAAADAxMDABoAMAAQAAAP//AAACoAQAAQAAACoBAAADoAQAAQAAAMYAAAAAAAAA/9sAQwAGBAUGBQQGBgUGBwcGCAoQCgoJCQoUDg8MEBcUGBgXFBYWGh0lHxobIxwWFiAsICMmJykqKRkfLTAtKDAlKCko/9sAQwEHBwcKCAoTCgoTKBoWGigoKCgoKCgoKCgoKCgoKCgoKCgoKCgoKCgoKCgoKCgoKCgoKCgoKCgoKCgoKCgoKCgo/8IAEQgAxgEqAwEiAAIRAQMRAf/EABsAAAEFAQEAAAAAAAAAAAAAAAUBAgMEBgAH/8QAGQEAAwEBAQAAAAAAAAAAAAAAAQIDAAQF/9oADAMBAAIQAxAAAAHGSKoVWSMxbzUAP7fAehJSws6hoKxGphmIx1EjVMgWdZG52Gk9JGDTbQLnWbaNmftglqsw9HIbLC715ytewGOtbrKZHKqvCyVg0bXtx8oXn9fGrmP2i7mbGPRvNvSc11FeClezXx83qk67zqGKtrEMLJjJ1tQ2JFNV1nmER0KPw1AC3Vuh7e4XcoZI3pCkcT4lNpyJN2RdDi9sKbebPmi7uFirNtWZe7ab0nzz0YPbdJAC+CxHjgpFs1iUC73M1mHzWikByB4UN4+zT5kahEbpEK6KPrhBbaY/YzdI31laWKWFTPClZXhgfwzJoLWGErWYe7igsQS7K+F2JL0bzf0QMZpz0w1nL6Dz5KnxOvxnRDVHcWUrDMjdB5ZNzlBRsqkWryM18ivrpzMaJCT2eD3M6dTs1wLEUsCMtV9aTq5quK00c2XDxpH3caS07Gz3yEwanoOB3WJetNklpHbHaOfRYxxSl18hYI7JXiGguU+axAaSGzaQmNMUMtMsHpotTktZzCT0Hzz0KdFTmqZK1mqjdTvUUdqQvKxdYgdcb0zerlpySKR1iJ20u6wuqDFAsR6HXMl4FUZsuNLX4x2M2eO6liFabPJWwPIUuM2tEMO+i1AIYCc2bo87pedbPoPn+/k6RviVrFWxVm8gokIVgUo2Kk9TFnkOnqXK1Z1+crI6zXIssRGpc5uouaHE3ax5n6LmjqZsIY6eEHjtPm2YuF3WVewuCdILobBEX1Vz9Ve4ppr8hsQGb7z/AH6M6KzGjNqWaiPIGKh0Obisw1mxHpheiKx1QM4kpA+/YQ6KzFb5esmYGEumViZkrjGXapa3JlBJgbX0C+a0+XfpFzxScXHtVZ3f6mVFnwHB56bLHbFOSvvcVqJ0Kx0o5tbpxV0e+MmGgtiRzBiP46SIaSeVRLFLG/MKuYz3RFuV9RcEk+qBJ6NomSMBTVOfMZs1jW6NxkrQmvdPHJS4uLdyZtfR9nhM8PneT2zxmyWN8rSK83RC24imhCTjUjqZqDYNxKM4el5Nls6R3Xy5mPUsIzAg+B5+mnYn4PbN5gpVNS2FlpCTQU1flDYjR595gqzoodZQdos6BI6GWdddnt/gU6oNZk9I/DsCjL0a11tuU0mEUBGQGItgrDDdg6F02tI2t0c8fmzQeYhtM4fRitTD7slsk17PJBatvsaZriKcwvKbXIFKaSRJX1zy+aO06VxlrnpajbJmpaW1rgpOxHYR1V67NR6bMZKzaJJOwibOhw/NcPSlQDoh0akccTgrGI+CM9vJr7mM2SWjJgikugmOvRsuKqbMSmAZj2isZeO1fYZSPOjuzk2Em0tI6x2YAz54Jyr+TiFa5m3N5u3cnYLydtgLPdHpjrd21Cn3IQjO7q5j1/u6eUsU7uXvIp3NqZnunm1u4ondxV7+4583cDM3uDLL3FFXu25ndsxvdsi9xHd3bf/EAC0QAAEDAwMDAgYDAQEAAAAAAAEAAgMEERIFECETMTIGIhQgIzM0QRUwRCU1/9oACAEBAAEFArIfLQuUIuMVisVKLCV9iJLoXRdZdRdREgqwVwF1F1F1UCXKUuaqN5Lou1lZEK3Lf6TvQ+VN471HjWyYujn90Ml1M7JSyOYRULrrrozldYrqlRBz0O077DTu8Pir7ftqPykoII70HnTeOwU/jqXlHRyPUZkheH3bUJveyPCGzBcxcCZwxd301ReJ2vs1H5rIbHag86bxVtp/GtF56q8ijccBGC2oaV2TTcY3XTQjcUXspzJWyOOmk1Kd300KPx2KHdqKJRcrq6A2srItWCoRaSm8bbzeNSL1enNzqqigBQs11TA1wqYHRPHCp4rqrmpaY1FbLNtZenv/AErLTlH2KvuCnuTnouQOzRwdhvS/dpPEopqm8Zvy9MjUZ9mrU+KhnLUSFqAFM509TNH2Nt9Bdjq5Zi6hUfi5X5R2kVuXt4bsOz9molNKpfu0nY9nJpVdXu680OcEcz4HQVgcpGtqaeWN0UlXVinb1z8MJnyN3xstKNtUqfyaI8xdpF+wjtImp/b97O2anJqpvu0nYnhyz6bKdpklYLQz+13Ruygn93qHUIonEku/xA2INwmhOVG7Gt1T6dfp7lF4vQGxRTk1PQ77HYJyawqn+7S9inEAVVX8SaWOxldhDMLjSn5N1mcUU0hJK/xJjrFoQapE02f6g41TSzxD4uQR2snhNT9roolXTSmeSZ9+l7FapKXupoFEyy1CbNtrw0junNPIZ5nDb/EmBUrSRJwJO5XqE3rdL7Q+Lk0o7ylCQLK6txZWWKMfLWqyzNovuUh4ranpMp4LpkWIk9rWstW2+iwKK9qgJy/xBRAOMDQ1kpCf3PbVjm3S+0Xi9NR2/VSU+axjnQn9vW2ui5Aq+0fnHMIo/N9OLIlVtS2BQOydb2ye1tPe0rcmyNxP+JqpIuWlrBUPX7KrhlQaZ2h8ZE1Hb9VR4l8lmVkUUUUENo/MHJ0bMlELBwutUkf8ZT8RS8CqdaCB7o3DltTYo/hwi5i4XVsJ35O2qOfT2mdofF6CPZfqp7Sd/kcEUAgOWx8Rj3M706amLVNMfUSM9pqFXcUlNAJ3N0ZjBqlI+nLvxKRjpJYtLnwrdMqox238vTGmdofE7O7I9qhPbzisVirJzVZAJvBvw1MUJTewCCqW/wDTqAtWjxpKSCzn1dS417ZbP/EossoK2phVbK6siq4yN6T3emdOUPjdEpxV0TxKixYLBYIhEKyAQjCMdtogogmpmz/drD2ZrVJSyKkF2ghi1IkOf+JSnhrvpY4LUHEDbSDlo9KzFRusM1mnOWSL+JHLJXV1dZ3Tk5xCEhQmQfmnFQOTE1M2j51R3I1ebGKiecWyBVz8i/8ADpDZ8L/pmRVj9/TvMELeGjjFYotWKLU+NdNYrFYqMlN5EjVibuaVAMWPPMJUT1GUxOVH7qsrXvtscWO6n0qh2TpPw4+8U1iZ+ZDd23pf8unHtaFZWRasVinNRasVisU2kQpkaZfCp1Pi1x4UfCjeonprlO7GLTx9dwUlO2qn1Wj+FeHcONzL+GODc3ideWDS3ysmj6cq9LcavCyya1YrFYLBFicxYLBYLBYrFYqwWpSBY3WCwViDA9QlVZ9unH3uctRqTS1Gq1oqht0qj4J7S1wNlBxP/JMjhmf1JV6dNtYwtK0KysrLFYotWCwWCw3q6ltNDPXzSPZVy5w+5ksBjcWWWGSZCWqIG2oB3w1IQxGQhuuOvMd6Wob/ABVW4OqAbKCN7nOHDxF8MvTgP8ofdIPmO1lZW2nlEMVdVSVMjnXWm0yJ9kFXNG+neKmmaMUEw2NshNQlibUOpzPTirjka5jnixTvx6OJk00sYa6nrHwwF11HRzyOp9FuqSjbTtAQCt/U42FbOJVIBaWEXgnBZNK6WWNtzSG0kFQyVzrsOXMb9qiJrxLQ4nKQKbTYZ1NSSxJxvExjnKHTZ3Ni0YMVLRCERxtCI2CH9dVUGQgJ4T2IgtLmCVQvwfm0CF5ahIKimY66jTU5PCbTmWWOFsLHRtKNJCY2QMYGgNCCYjsEP62MWCcxOiCkiCdCqiOxikOUbLqKZ0LyffGUwpxX3HxMDGv+dv8Af//EACQRAAICAgEDBQEBAAAAAAAAAAABAhEDEDESICEEEzAyQVEi/9oACAEDAQE/AdplllnT47F5KpF/CtWTlRDN+M6r1RdE5ORDS71vKOJGbRGaqzq0uRfCtYkeoXkTIxEtwX+hrSK7UhEVZwZuRIXYue+tWR8ij0rWXkiIQtPlC7LL0yjDGlY2IyfYxxs9pryRV8HtSWmLSHto6RC8IZZLk9FFOzIqRg+xHGmeqioz8DEihbrVkVbGMQz02X25GfImvBidMWaKjZmn1ysYvgxL9GND0urrLIyQnbpmeMYx40mWWWWXtSaRHJ/dyxfwS1CHT5032XuyEP1lIlEldmPJfh76VIca1QkP4sqFyLjb2h9//8QAIxEAAgICAgEFAQEAAAAAAAAAAAECEQMQEiExBCAwMkFRIv/aAAgBAgEBPwHbRRRRe60rY40UP30UUQhyJ4P4caFqrMVRMrTen7q9mIjL+k8afglB3RWm+hvT971JmJUSj+olMk71xJeB6Zy9zG6I9uyAlZkVMZjhZkXFH4PTK3e5Oi+TPBj8GLvo9Tj/AEow4qVnqX3QvA9MXsWsrt0QRIx/UUuLsfq4ZVxIfbsfroeIkpcnbEPTFtMsZ5ZDS6RhipOmZcOPEriiL/12R9Fi+yRmSjKkIkyxsWrF2UN9CIPcZcXZnycoi8i9RUScuTsQ/gmxIiy9OuJKV9EoSj2xsQhoo4nE4nHb7Y4CWlk/o5WeDJl5Kl8UpFtEJEKJx/RafQpFljF8D1iev3Uhbfwf/8QAOxAAAQIEAgUICQQCAwAAAAAAAQACAxESIRAxIEBBUXEEEyIyUmFygSMwQmKCoaKxwTNjkbIFU1Bg4f/aAAgBAQAGPwLWM1n/ANAsWAyqzVL5juVv+DYPeCiSvOKUK/Ss2g5tRdDuBnvGlJomV6U33C69H0B81Ghvu9rOca78a1C8Shbjzjvmq4dnIMiClw9oKbiG/uDLzGxUvEsBa66T6n9hiIYBCh7mq11dU9qG4fJDVBot8yoLtrWE/wAkqkrnGqRuEWya6GfYOX/iHQfS4TbNGmbYbRelTCvjyfddEHMHVBoOYwyY008Vz7eu0XG9Qaf9LQQhNEBFpVIvE+yhPiNES7xJyk554aPJvGovHV3POTRNBxujwUx7JA+kKtiCogyMXadymc0PEdKA7c8fdRm7jqxJMgNq5uH+l/bB09yd43fdUFOZB67s+5TN54DxHSadxUXvuhqvMMyHWx5sG7nN/sE3vmfqKBUR7s3FSO3AeI/jCZVwpfIYsd2oTXIakMJM/Vdl3K+eBT7z9MwfwJpnhCPcFlMYTQ8Z/GABnSpvIqVhjyNx/wBICGpBbzuVb7k4gOuc5Jr+3Ee76UOATz7pVkZghEJvid+MA4+U1Jon5aHIHe7JDUhoxQ/ZZcl8LjhF8Kl91lZW8imcXfhTOX3XejZx0OQu7MRzUNWKfFhOEyOqVyZu6H+UVFKAe8MHev1ng+6FMmtrvakofF34QbDbU45KQjw28Ai+utu3paA9yOhrAA3t/KKiAFriHCoD2U14cyoXymqBEkT2Id1OM8uPeofFy6DpHYpRqHdzhL5poEORaZzD1Nw6Xftx5UOzFB+2snxj+qpGZTucq6c205XO1Bv0t/K9G20pdFSKhfEpjMKl9zukugeidjslt4HH/IQ6TsM9Rv6h59939RhDEVoisLsnZjzVttkT7LbKZzKhfEu4qndZdzswqZzx/wAizfDnqV9N7vGfnhB8RVkAMIPxIYEb1PHlDO1BKGoEnIaZPkvgJ+rCl0rNJuJoSlI7jPGB8SurIKoh/wAOQTmbsB3scNREMcToXxh+NA/tD74QXieRyzTJOc47SRLFsNvVd1rjyRDsxg3imSom1tNU524Jz9+EDz+yePePri9/ki4xHDuC7aExJ52Kl8p92jU3NhqR6UhOqHE2cCpxWyHaF2qFIzFGzQeA1jw6dinkZYc4xjixmZ3IqCWOnFM6xuwhv2NTjvPrXPdkFU7q7Bhzr/JRqXhsRrZianWXcVzgIsZFu3RLuTupnm3YjWx0I+5kVzsMN579s58QqYrC13DGFwKpiRBDbnNP5s1MDpAp0JobJ23apAX3Kmmid+kvSEn5KTfXc2OrjJguBki52aC6JuFzZ6yvoXCJh9HgqI0ojPeE1VydzmHcUSW1NHtNuEyU7AgrotJVLqWTvvKHRrO95kFct4NbILqj19LctCYsVueqXKpvXRnd5Vus3Sk0KTf5WUuCLKBImZUgLKQEhrE8Gvmqm5bQrbb6FKkNX//EACcQAAICAQQABgMBAQAAAAAAAAABESExEEFRYXGBkaGxwSDR8PHh/9oACAEBAAE/IZCEDokknaTIn8vjziZZRLsakNN8EWIeIfcfY4YjCSL8xZ0noGCUNDQx6r8blKEaJCaC3REkgUPHA9kyegZTlg6RBRVMkE2NMuxKDYw3IxhoYx6zMaRNWGEb/B1YkoBMngu+xpU5bhNYbM6GIrbrRElIOkoVaHZlLtDBuBzomWYaGNjZIlJgUG9DY5wjUsQajQ70+QpFk7HgkR5YaYjwmMNeMajx19jDyNSIWCgnA1l8CGlI8+PajsInphzNZFzE1pIZnoYDkYgenWRWqwlpi1HATMimBdWJkKZb1oh+eoduU4ToecoSGjgv/S1XgW5srh+D3EKobNdkA5qz32EvmGn4sUJ7hJ/RGyHX8gkNaNBliplBGh0jh7I0FRPS4IQsaAtFNGcWzj4GTwNxXzBOlkcqGhKJnkXWKH8CbXP2FUkwiL8VKI93am3bFK0y+y9vPSIjGiGnlB+jILWEZaWegjImhhTEAqyVrENWuNUcnDaSG1Abv9KQsxbIyZ0L0RItbZsy3JxXIop5plQWrAbIl7BtImMpcq0Zl0UXbJpyi9R4Q+5tNFhMPRkTQxlpLQsCfgOYR6+GkexpAZN+iQHdPZCtpr2LP0KkkuFs3S5hlxXgwHpzbbsmev40MU0LW1pGVVepNW7Eme0vZE0DaFolC0tQ8vS9ERRI9a04OKVWR6D0JDJS22OOLmd/+DaBTjQk7J1z9L6E5HYYTV4CxObZNjP6+lp4VuQ+LN+E/ozydXD9xW71+n0SBh0KjAeRyRE9FhK9DWUGenBpIoSKIPQxJ2XS/L4MEkWd0JVWFroGzD/6wbPQtxmzku8ET2MBn9/Wih4sLtlzWszMUKpTQPgYn+15psI8aDUN2bEAoxKxDQuOeghJLAqhJuYiBFu4HDknZNrciYhp2XheJlRJDe9oU+r9x6kfsbiRwIu5lyuUy3yP7egkuCote2WxqUdH7ESxb4gaa6T9zJeCS/ekxmI5gPJIgTHDPlnII8jrSgSKWjAgN24EtrN0xcGKgdIOOGBN6j2SAoL4+Ir38JjRuL6dCrUZ3QxiOu34hvjehNClb6OSYh4pqpU5UeY3LMwHQuXR8wo+ioYNXAbsbFgaQnGDtOwWjPUexYENkj3FpQ2JZI6c30b4ni+kJ4j1bSPRUTtchKZpTsJN9pyJ4DcyuPLSxaZWrws9BUibianFIxvkISGvqFxM6PAv+5AwYRZFgcPI2Ht+K7WkmptyQsIFhCZbFpHvg80kw0uTAmmiU9m2/Q79Z5IS9xz8OE0mfIpiveFfIhI4VDnvRDHsCPA1iXDTDZTD6ESaahrK0eD+7/b6BqCSNDBuxhdMew3JEicYGcDfgpwUWWoLCl7mZcoGwggwLRHxH8xinkatRXb8Q2VgkmkgBpVfJk3s7kfxOhWnB21z7F8S4YZ+QwwNPjtF+kmYRDR40UB6Q1BhIuB20FhQ0IECEQNRLGMoVjgSondiUxoiSxEISjNe1P7H1ZwD9kfAIFZeRAzanxH4h7yDPc69Riapdtfs919SvS++0Sw6+SX4jVk+Ms9WxDKLD2vDnVzJqxsL+goRprLFZKdA0T/gO4Z7GWJhGI1EL03kk9E2N4n+iNI2F0dBtkSqW2leRWyURfN2O7JZ/P2iHngZPA3M/Q5QiZUe+rPmTKVOHq3VvokmR6o9GzSSaK6ib3N4SrSQCe3OyXR0LTZNDwJ2D9ohDE7PYS2xmGV9EQfz9of1Dfs59/2NSDu9coc5svVp439z0Qp/DGXrBh6cLwPSwPexngXW0SWOxptjGFoxFRKW/wAi736xiIQa/jzWwtnyseRDomiHT/dEqjW494cWSJ3n4JJiiXD3Hkc6czp8iQ0F/wCQYHDgo/NFd9L00pAaD0h2bSV2L4FHWJIKbKjZp9kqm/sNJUZCVjwl5Qt0OwjxpVKSJV2XPyYjqKmShpatIxdJu60v+EV9EsaOhbwHgj5Cn8eejYeoTGxk2MOWcfpZCQgkts3h7i5tD6mBJNIKMBzZQvmox8MjS1zZCJ5JOlOHzeYlRSpS0q29DFkSUzZ0295j9YGAzKJ5PGJ7Dw0SalKTsTOkhZkYlej/AElDyKzfB5hBRIS/BCND0JMdbJENpNmlpoFFbxGOk0bySUG5aaSEw+AOx7WImhcA0Yngd2RLFLCBRMu3lDNT5mroz6PT3wpFo8KTal7vNi3GLZx4Mbc0sjiY0ThOPQlznwWxJZGSE4lDUnw5QFZCW1a4hBBBA0QQQQZYWu2dvkahCLtLeyHK0GLtNtwOc2R5kSF2qIsLBmNoqJlDCkMWxNnygVY45FD8Y1F1AgCtmxjDbJdoFlpYJlo5vYETJOsnksjJOb4d9kY1JzBSRrL8GP8AFxp58lI0Y9ierB4p8bkc6JNOCVWk1CFNxnsUXhWiQYlhRdnmYPZGSz3bcWQgMPt6yyInpFCwkjZCQmnAav8AAWjGNk6yKYkF6CUL6Ke7EEmyTJrK5FnqcgtSWFgHFOjLhOOyGtfOl6pCQkU0aEhatjY2STrJ/9oADAMBAAIAAwAAABAVgf7q9k4iAzJL0/8Atz+m+qsnoqVcTG3ExXfnY7Vh/QrwQEdiRBmGbB4ErT1u0cR1L30R8b4/qrwXfn3zBsxGtg4wLtDi835LR+Fy6e5tFvdw7dKe6oXS5W2eqSpDh1I5R4NlXNe5NNvlOc2JO55/+U+8n14+S2+To/X8Km969G/2tPpOH4sVO3YZrrj9auTOZ/e0ZrgIrMffRV1LRyHXtt79qDXDX+KV0OvPjjjid/BDheCh8hhCiDA//8QAHxEBAQEAAwACAwEAAAAAAAAAAQARECExIEFRYXEw/9oACAEDAQE/EN426uGoS23ROnTxsFZJ7I4Hw222dvB85OQaSCdQmG5Dq1ncf4uxLy6NLrXs44p84GojnBDwPBwuBXWDCX1Nq9+RByT3/EA9csZxnOl7teWBwn0Luy8xysLbwW9WktudLUV4X9i1ZL3h7zDjXAPY9vqe3ByzdrsF3ZKWqTqSf8JOkQdyY5dMlHDxPC2ou5DonrH0tLskkKdWfUliNjOFSFCbJEsCOfEXboy7b2PG/eVgv7t1le+LxGRl1dcatrYGpbEkOrYAJuMJO5HjOSdbZjA71jun7ny6OB8LLEtBfRFkmHe0o2dWjtDvltdvhHRbw23hjCx5P9WU0Q9l/J9BP4bHMiFvx+fEg2SXy59/GeWeP//EAB4RAAMAAwEBAAMAAAAAAAAAAAABERAhMSBBUYGR/9oACAECAQE/EM3ZJJCQt4yKUmDUVZRpFBHgyEIPIU0YjocDrY4hquxF7NA9ITBrZMK23Crg2IQoRiCMtnPXWHLSJMZBa6NbC0r86mbmXhuYT0qw3TY8tDoY4uA1cDxik2JEidwhKz9A0pKMMGIbODqhOgmqdDx6EiZ2EQI6K3w4DZBjToySPgjvWOA20LGPHsWEknNPoJohITbR5gYqPgrUjGnhimjUQzoryG1HqGPsRBiGrTAaIJ3lFsOxjFTZWJJERZxEiDmEKbNa/oxEhMREMg1Z0bsX5CpiJCR+EQJVEtBSaE6ohiuusm94q+sarIQhCF9IblQn6aCOgx3o16KdHZsVPCYmUQ+jIfB9eBY4Fliwz//EACUQAQACAgIBBAMBAQEAAAAAAAEAESExQVFhEHGBkaHB0bHw8f/aAAgBAQABPxCziPZiWLibQsTGdCGWTioDqA6gOpcMdTzEAN+8Fz4I6GEobr5izsZsEmW9pvQRBFBiGBgi6d0AWt9QUWZlau6ifRPUAnKmL0hB6CG4yXBuGI3cTC+ZZ7MAEKgMrVRlzzKhdqAbbKgKDPZBJFDsiW1gvLLVy/cRpZ5P3OIsNvfd3GhqPMHIHvENcwQz1C49Agyv2hgZhzN/TiJeMTCbY9My4jYxZ+TDs6hEF6jhtHNQ2vMq20ZsWMMZGPJNzMkT67IjsFM3PJXGDgkvct92omrghcYaYiZwVCgHoTBPM+6mCHUtUjBFZuH2fWOVTLKygMSDEyTARcxZd85+DEAh1qWhNTJ+0vIsFrwhZmsnNP6G5VaWwJ8+T2bHxOwHeH8fhY9xQ5EW3SMJgzzF1pbDjwH1IXFWiYQT6wfMWBOLY911A4rS5wfsRvWEg0aZ8gmE5Lc4zBTZ6dNw+UtOfzBvcr3EhMPRgk3FGIpMS9ku9mMhNTBNgmUeIKGvws/qI5/WIH8EZcE0cKTUQmRFa2s48mR6itDigdaWz+4Wg1G0sR7DA8kHLRzBEJhOVXxUFA6gjw6RzUidflWWIHlTP2wZlR/xmUQAFV3ba/EKFzSD2Lgx6jXicBuZWzJZXOgYpFsHm2MZloX1jEkJqEdwYagkAK8QCHiUy7TKmEG8QF/H6JIDVEO7we7GVACQfgKcnSQ6VDdzNLw81ZGS0leTzOePuCzymfZ+EtUeBxGkTNPPIwAv66YVn5jH4hPJI2yl5slm9lRRACqB0RjJ0jvDJ6aVnVLABrGYhHtHSgLkzI86gjaO8zdOIYVKCMIKqTZY0TMblGHEZ3KCn0XpK3cwBC10Cop7VeNAOoVgOLCZA4Qz7RMFdC7/ACZH5mTARaUlmx/XcST4wMW3rQ3HK4Vueb58R8S5Y5GyuRVJzLI6LAXRvAb6iV6KQBaylmdwaITWBH2CfuX4ouPkH9zE2Lix9psZkPmWfGPOUFmHe5aXgS/OWwxdbKzNIckqjjy8dy4jceYiQVKowU/MJBLzGllfywK+0oelXGCKATt4fdzKKgyDcqErgcgfyXFC5y9nmPNa1rVZYX/omwdJOZLZ0xy0ZeCXFocZZVqXjluGkoWfhFghtB3qfqo193mXH2mYzPZ9TFljQtLFmYM5DA7wpZAVMXuaxmqWyjd6gQ4M+j9GiLDtANrCUqOkNxpTi2jfL1DNqdNS4YV9P9jLmXfBTJ2u2jsl8KiL2b+YlMFRavPoMP3DMxLnLaEWjV114H9xg8gqUCOls9dfUBVrL+wZYOkVfH6CNa7i+j0s94KUzcGAeSYy4xFs9T3srVRrQXPmMwiaQ0AAqMWOGWU9EeMKASEc8PtNvn2ilg/EsePYdwjga3TLPvk+GGXlfcYHcn4VmB9OtkXgjjqS3nj2eGBGnCRfqvSEJstHH8CVkA581qtxriVYzChgs5DfywVhUOyvxMcXOYqb/thX8z82fgQtoT6XJgySVlAf9lGuLJ8RFyyFIgcRBa3EpBA4JK5lzEzcBn4IJ84N3Y/bjt9oRtgsVqu1YFpTsxuUuYKO1gPti0gN5ZV9lwghZaPKW/2ADXNlXSYUC3ry34jjzIa/jf8ASNRyfym4uhDKsW3hDaTAe7+IokOsBWAe2vlgnRXZAFc3mEjfebnL/wBqbpnHkw+FSuuP6I9nuAuI5ec2RVETA1EQUMK/7Rsg0tIkaZY8zGgwBK8nMKatid+Xohb+7TjoDgIg1alEOb1FPVAaHArxzELUiDwp/wBJdRQP6M4vpWS1a6y5fPMEH9KeTCcm/vuJbzluxTkmLORMoJUhD12/X+wJrqD1SsdtOu32iRpClYNfuLZS4EX/ANicQZmXzjrQIGqDr2f8wlPuP6pqnmYNEc5MyIELCLkqYAVap50ucuKJtiTNsahmGxLOi8y+L+hCphiEMw5SZE8LWSXNEZDCGH5u/mEcw/Of4zKpWf0BL0aHHnH7gOIWYB+YMsaNAlOdZ83G1V9Q0hn5/IjoO2/En6CL8nA69+IsNeg1DQG9c8xCLfICqbbrDqOZacaHu9+lrS0m7Dxk/qFV5i+iZEVW69I85VLw3+8uL6WomSPGTUZAGYlF1LWmiiYWMSpShjWygNHLGUVty1EnjtVYxrgtG4PJAmkT7cwBksxWi0/ZH8hWNNGnAAy2wJTdBge6U/m45GMWG3S758k5vL/iLYCsmnnCV38QPhbON85AP9hIo4BbW8qa9hilZVIUj6boNurU+LuKHuSz2IQ8ymEKZnoLEIpTOYHh+ojx+J4YPCuxf2fiIbPqBQKBhVVUZNiuLDGI1HSXEK+WY1Dd2QxXsbISIBEdCt/sVAorXnxEg7abHsGLosstqZdFssGy8hHeFopK6Uq+3qDa91tDq9HwENr3HXaelhTrtAQeE6FkGnyJf+xLtbRpsIAPJBjueXuGGvecYgy9o7MtM8X/AOoZw5h7uIVbmRkljmDbM7so0YhWrnUi3E8U6eIwbqBXBEAohRRmWiq2gB4YQIuE8J1EaWJ9EbDzDGkW7b8aE8VNLrRePOJeczYAQ0c0X96ZU6vZXl2h4JZaWEi2JS2wAi3NU0elL0LWOjHvMldqfmUtsQxT3azZe/fcs00wb6CApszY/UvL4EKeA5XhuMG3TJreUYHk9NtSxI6AVrku/gcS6RRcQC+I1bidxVZZ3I3KWmJ2yztlpePDa5RbRJFiAGYZAV5g0KzmUGpkMRgSgFw4zjEVe9QTjXwv6soqLZkR1EY8sJRYSwSArB+Rtg8cviBcnBpkvlH4CA0z/crMMcJ2/Bd/9mXlEFnyHwL9Q5JG+NqA8DZ2Y6hnmGjXoFsbf0Z3/wCsCi2EpEbEwywlKxGHSkuRYirloEGxC2WuMlGYBoxeAxUJusPE0jiaUYCS/mAoXdyg6Zk042t8RFG/qH9aUCSoVLfoD+x4huvF4uK0VKOgR+/zGQ4u2uszCuVwrrS41zsGzu0v4hu1GC0W/kjNZbQ0SobILeSg7of2J8a5gYmmo34mDTPFKjUyuJk1N+J4JbqJ/DKRjAKi5ZiqawLEKsOQdTOOYmDqKC6uM50RqtwGWag8qv3L7M/lZ+pWWoMaOLgw4GedmaJmX6UwpynNbw5EYxirWCJdt1OM0scmL9MBhCgX9kUqoLUXRu41l6PlKLwkE8DWLwcwGuL0ksfpJkg6V7ptGDWlvosx8Qx1DwjY1HfE8E8Ee2I+MXqX6h+IV6J0SEhr4t4n6P3A9DnUvyR5yMoRThIiFpW5gKhecvmhfqEqyc9wj4YVhwxCCHeCVndKU8TBiF6wUFG3avmOocsqSKHLmZeROCtxPyKFuqjK1Y0L1m/1CJVj7g/yKwTrZQWjgXY6iI14ugFH4D06HX9lfyGBcD7TChJ4yvUp1BrUBvEK3E8MT1K9TySk3NQFQ74glVEZwU+86qZOjBsZ8ynrphpMBWqjWBmHncrrR2jRsNDKLA+LgwUcznpzReb4lUDfbGuvmVVIbhax9EZe6l6czRAyaioTACEL02OWqLHUB1Qq/wARW0AKVpImHL9lyjThRGuZkwuoxaIVVVnLfEQ5z1LHIlzWWi/B/sVGUIDrMxeoVKiYhVE9RHUHqU6hDbVcVz4iTB65R/YiVcwwt7vg795ldlX4f2GbmDWvrqNg8c1ZoeITDZ3A6tdQrermTBGTuc54GftxLeFCvkvFe5BFscgnsV1yviZT1Wyfh38SzuUC7NY9HLY4IKOrmB6p8BmspllI1gYHDfkhCDlGmhyrIDJFR4KAfrJ3HgpODa+IHvZr/byxpMGj9zxTxeh7ZatRhjNGNoxSEig8sQ2oNXDqMcbqpVV6sDk5iBJYaGo1gUbVTqCvVSS6QKAOfDFkX2THtBdnBCykNq7gWvNkHeJySwnV2W+oIFTm4Dw7H5lFWZJPx2fmMBWXadWQAAOB0ggvyQEvbQQdrol8lYKQOg1ENXafNqX2WRw4s/tFVfLGgp0rJ8sQyhRzOPvB6rixegIwlRG0XIhNDMqVWYwsUpDkgRS/HH3TLUZ5gqZ4d+Yo5qrSeEe+yXORIGQpiEJMXxCUIQFcRFjGXMPbKB9Oz/J4icNt0o+tRpcVFadLNMtTUI6oxBrxQIBEZnIAIM5kQ0E1JcWYhXoXqFl+hQVmHqX80xnMRgkpLeGSXe33AxW7jvChgRhp7DBDMMuL4jAL4j4xLV4iLldrOICrbLyu2CiDcqBcPfpFiJVS1IELE0hL9DJ6TBN4l+j/2Q=='),
(21, 'Xiaomi 021', 'Xiaomi 021', '1230x1244', 'rosa, azul,gris', '15,200', 'Celulares', 'cel.jpg', '/9j/4AAQSkZJRgABAQAAAQABAAD/2wCEAAkGBxISDxUQEBIWFRUVFRYVFRUVFRUVFRUVFRUWFxUVFxUYHSggGBolHRUVITEiJSkrLi4uGB8zODMsNygtLisBCgoKDg0OGhAQGi0mHyUtLS0tLS4tLS0tLS0tLS0tLS0tLS0tLS0tLS0tLS0tLS0tLS0tLS0tLS0tLS0tLS0tLf/AABEIALcBEwMBEQACEQEDEQH/xAAbAAABBQEBAAAAAAAAAAAAAAABAAIDBAUGB//EAEMQAAEDAgMFBQUFBwIFBQAAAAEAAgMEERIhMQUGQVFxEzJhgfAiQpGhwQdSYrHRFENTY3Lh8TOiFUSCwuIjNWSSsv/EABsBAAIDAQEBAAAAAAAAAAAAAAABAgMEBQYH/8QANhEAAgIBBAADBQcEAgIDAAAAAAECAxEEEiExBUFREyJhgaEycZGxwdHwFEJS4aLxwvIGIzP/2gAMAwEAAhEDEQA/APRVYckKQwoGJIBIAKAEgAoGJIYUgEgBIAKQwoASQBQMSACkMSBhSASACkMSACgApDCgBJDCgBIGFIBJDCgBIAKQwoAzVtMQUAJIYkAFACQMKAEkMKQCQAkAFIYUAJIAoGJACvnbjySHgdZACSGJABSGJABQAUhiQMKQBQAkhhQAkhhQAkAFIYUAJAzOW0wiSGJABQAkDCgBJDCkAkAJABSGFACSGFAAkeGgucQAASSTYADMkngEDwcxRxT7VJe2WSmoL2YY/YqKuxzeHnOKHgLZuz0U4wya66kuWWJvsr2U79w8OvftBPN2l+eIuOas2Iuwiq/7PZobmi2tVxcmzFtQweGE4UvZkdifkV3Q7eg0fR1bR94Ohkd8LNHxQ6GP+kz0YcH2vhj3xVdDJG6NxbJ2b2vwlpsbhwHHxKpcDO6cPGTf2d9p+y5cu3MZ5Ssc3/cAW/NR2si65I6bZ+1qecXgnikH4JGu+QKRFxaL1khBQAkhhQAkhhQAkhhQAkAFIYUARzzsY3E9waOZ+nNShXKbxFZIW3V1R3TeEZEm80QNgx5HPIX8iVvXhlrXaOPLx7Tp4UZP5f7LSqN4kAFACQMKQCQMKQCQAUgEgYUAJIYUAJAHKSMdtWcwMJGz4XWqHgkftcrf3Ebh+6ae84a6Dmpwjk1VV45Z3jGBoDWgAAAAAWAAyAA4BX4LwlyYZM6WqxHLQLRGvC5LqllhGaDd0c7U7h7PlqHVMtMHSOdidd8mBzvvGPFhJ8s1U645yUyqg3nBvO2TTOj7J9PCWWtgMTC0D+m1knBEHUjCr/s02TMcRpRG7g6J747eIa04fkq3Wit1FI/Z3NFnQ7Wq4uTZSJ2DwDThAVbqK3Rkw6vevaey6yOl2iIqqOUExzRgRvcG65AAYhlcEcRmq3Xzgosqx0ej7PrGTRNljN2uFxfUeBHNQnBweGY6rY2x3RLCrLQoASQwoASACkMZNK1gxPIaOZNlKEJTeIrJCy2Fcd03hGFX7x+7CP8Ard9G/r8F1KPDX3Y/kef1fjyXu0L5v9EYFRO55xPcXHmfoOC6ldca1iCweetusulusllkSsKztF5094FACQMKQCQMKQCQAkgCgYUAJIYUAJAHGb0bWdUTHZ1M8saLftk7dY2n9xGf4rhqfdHir6NPK18dEL9VVpYqVj76R3OwhFHAyCJgZGxoa1o0AH18eKtsp2Pg206mFseDQfFxCrUvUuMva9ThZbifyWrTw3SyVzlgzqV11pmsGqh8GlGFmZtyShijkW5B7Mo3ITmhwao5IOyJHV1LIo3SyuDGMaXOccg1o1JSbwVu6J4dtfaMm1a7tyMETW4YwdYqck3e7+bJwHAc7KFVbtn8DkeJeILT15/ufEV+p6juUx37O5xFmuf7A5AANv8AL5JeINOxJeSOX4PGSqbfm/8As6FYDriSGFABQMZNM1gu9waOZNlKMJTeIrJXbdXUszkl95jVm3+EDcX4yLN8hxXRo8Nk+bPwPP6z/wCQQh7tKy/V/sc/VVD3uvI4k+OnlwC6tdUa1iKPP26meolusllkKsKgIJCI8UEjtF549yJAwpDEgApAJABSGJABSASBhQAkh4OV3w29IxwoaMj9pkF3P1bTRHWV34j7o559bqaZWy2oq1Gor01Tts68l6v0KOxtlMhjbFHfW5cTdz3HNz3Hi4r0FcI1Q2o8JqdVZq7t8+39Edns5pACwXNM9ToJSikbUMixSid6NnBk7yUpLRK3QZOHLxWrR2JPayF/K3LyMyhfmtdqCnUpG1CFika/6kstaqmxe2Y8MSyL2jYezS3EG2zxXf8A3mO0agUdL7VPG+34amZmrjzgj1vo421yUUpWy2oruuhp63ZN9GjutsDtCImkmNpxTSHWR/E/QDhbwW6ycdNXhdnlq426+/fL/wBV6fez0yKMNaGtFgBYAcAFxJScnlnpoQUIqMVwhyiTCgCOoqGMGJ7g0eP0HFTrrnY8RWSm7UVUx3WSwjn9p70BrSWWa0aySZDyHFdKvw+MVutZwb/G52S9npYvPr2/w/c4Xam9jntfJAx02AEulcPYaBlcN/VWy1cK1tqQUeB36iXtNXLHw7f49L5HFzb3zPvhkeHjhdwIN9GtaQPkclleosbzuO7DwrRwjtVax8f3O13arZ5KYOqB7VzYkAFzeBIGV11dPOcoZmeP8T09FV7jT1+TNZkquOfjBKAjgkh9ilwW7Jeh2K4B7YKQxIAKQCQAUhiQAUgEgYUAJIZibz7bdAGQ07RJVT3bBFw/FLJyjaLknjaylGOXgksJOUukZOy93XU7XFzjLLIcc0zu9I86nwaNAOAXc0qhXHC78zxPi1mo1Nzk17q6Xw/c2tn0ZvchTtt9CvQ6OWcyXJu08VlgnI9Rp68FsKpnQi8IkABBBFwRYjqoPK5RoqWeGcuKUxylvAH5cF0/ab4ZOTZVOu1ryNuneLLHNHRqWUXGKll2CUKAHl32r75EYtm0riHEAVUjM3Ma/JsDP5r728AfHKLy3hEsqK3S6Oe3a2E4ERMaO1eAH27sMY0jB+ZPE+S6MIx09e6Xf84PJ6rUz19yjD7K+yv/ACZ6vsygZBEI2DIaniTxJXHutdktzO/ptPGiG2Pzfqy0qjQR1FSyMYnuDR48eg4qyuqdjxFZKL9TVRHdZLBgV28uR7EAD77/AKD/ACunT4alzYzz2q8dm/doWPi+/wAPL5nL1+2bkm5e77ztB0aujFQgsRRyHXbdLdbJ/qeW7Zq6mSocakPkbc4Q0kADhZvAf5z48e52OXvHutDVpqql7HC9fX5l/djZm0ML2wzSQQyDC4YyMTb/AIcicznbidLp16WdnOCrVeLafT8Zy/RHV7N3Yp6cXw438XOHHwb+t10atNCHPbPL6nxjUaltJ7Y+i/VmsJLrQcxxGuQNBjnIRkePQuNqhbh8f7JYJ+0+B2y4B7YSBhSASACkMSACgBJDCgBJDMzeHbTKSIPLS+R7gyGJvfmld3WNH5ngEdk4xyw7qbsvhx1VW4SVk9u1cO7EzVtPFyY35nM8For90V0dy2ro3JKYLQrDm2aVNhjpQk7CdemSJ2x2Vbka414HYUZLYxDol2baqyjURhzrq6EmkV6iC3j4oLaIc8kFHBZaqmM5H7Rd8v2GERQkGqmB7MHuxMHenk5Nbw5noVXJkkjy7dzZhGGYhzpJCTEHXL3Of3qiS+Ze6+QOg6lbtPTsW+R5vxXXe2l7Ct+6u/i/8UevbubGFNHnnI7N7vpdc7U6j2ssLo3aDSewjmX2n9PgaNTUsjGKRwaPH6Diqa6p2PEUab9TVQs2Sx+f4HObR3qyIhFh9930H+V06fD4rmx/I4Gp8asn7tCx8X3+HS+ZyldtnEbkl7ubtPJv6roLbBYijlOqy2W6x8/Uyqmvc43cbpObZorojFcIbDTvk8BzP05pYbJSshDvs0KehY3X2jzP0CmopGSy+UuuEaMQUjJJkdS5IlWipjSyX7SQPRki4gJQCQ3EkSwelrgntQoASACkMSACkAkDCgBJDKe2NqRUsD6id2FjBnzJOjWji4nIBBJRbeEVt0NgSyTf8Ur22nc0ingOlJC73bfxnDvO14ZZhWJYNSjhYR2WBSyJwGGNSyVSrEGJZIqAcCMk1DIx+SkuTTXUZ9VU8lohWdCurCIg64Cljk5eqknYObIRoUnFMoTaM3efellDTGeT2j3Y4/elkPdY36ngFVYoxROLbZ41RxyVc8lbWOxlzvbt3ZHt7sEY4RMtnzI42Klpqd3vy6OX4rrvZL2Fb959v/Ffuembu0DIG/tVU4B7hdgOobbgPXzRqZztfs6/mzn6SurTxV1zx/ivP7/vYtqb4CxEIsPvut8h/lSq0EY82PP5EdR4tbY9tKx8X3+Hl8zj6/bheSSS883aeQ/VblKMViKOctPKb3TfP1/Ey5qxzjcm6i5NmiNKj0h9PTPfpkOZ9ZppNinZCHZpU9CxuZ9o8z9ApqKRjnfKXXCLOJSKMEjEEWTtKCtlSdyTL4IpuckXpBbIjIOI8PRkhtFiSHg9RXCPZCQAUhhQAkgEgYUAJIZHVVLIo3SyODWMBc5xNg0DUlA0svBh7s7LftGoZtOraWwRm9DTuFr/APy5W8XH3QdBn4maRrrhtR36kW4CgMBskRaEgSiRSy2U4xyWxgZdXVrVXWaoxUezKkkJdbmtSSSyQu1Cii6MlSceUtzyV9oV8cET5pnBkbGlznHgB+Z4AcUm0llgueDxevrpdqVhmkvHG1vsA/uIDx5dtJbyHQKiuDun8EV67Vx0lXHMn0v55Gq+obFhDWhoaLRtOTWN5kcSeS6TaisI8moStbcnnL5fq/2KtZttzyXOcXuPF2nkP1VakorCRo/p3J5l/v8AEzZatzjcm6TlkvjVGPSJqale/QWHM6JpNkJ2wh2a1LQMbmfaPM6fBWqKRhs1EpcLhFzEpGfALoDA5qBMmYmVsc92SRFIpTOSyaYoqPcol6Q3GgeBwkSyLaHtUZDYetLiHrApDCgBJAFAxIASQxE2FzkBqToEDOWoKT/jM4kf/wC2wP8AZbwrpmHvHnAwjTRx6ZSSNVVeOWejX4BWJGhIF08DwLElgMBxowLBBNUgKyNeSSSXZnT1BK0whgtT9ChM5XxRVZakg08Vszr+SU5Z4RzLLNz5Jy5Q6K8nju+O8LtpVLaenOKnY84B7s8je9M/+SzhzPXLK82z2xLbLYaap2WP+egZHx00Nh7QDjme9NLxe78I/tyXQSjVHC/7PLN2au5zl2/+K9PvOefUue4uebk+vJU5b5Z0FXGK2xXBNT0736Cw5nRSUWyudkYdmvSUDW5n2j46fBWxiYbdRKXC4NFisMbH4kEcAugBzUASNQQZK0pkGMlclkcUUpXKOTTFFV7kmy5IiL0sk8AxpZHgcLoFweyrinpwoASQBQMSACkMSAOUqw7atQ6hhcRRwutWzMNu1cM/2SNw/wB5Ggy6yjE1VVebPQKeJkcbYo2hjGNDWtaLNa1osABwACtSNaiEyKSRLAwyqW0TaRG+pAUlWVytSK0tZyVkaiv22eiAknMqzHoWwi+2ROJOQUuuyFt6jwhNjA8SjOTnzm5MlZEToFFzSHCqc+keZfafvNic7ZtO4kZCqezX2tKZnN7ve5A25rNZY5e7Eu9mqvek+voY1FStpYnF5AeWjtS3SNg7sLPWZJK201qmHPfmeW1Wpnrbls+z/avX4swpnyVEmMizdGjg1vADmq3mbybIqvTw2rvz+JfpaFrczmfHT4KyMUjLZfKXXBosCsRjkydikitj7pkMBunkMBBRkCRqRBkjSmQY+6BYIJXpMsiilK9RNMYlV71FsuSAyMu0SwDko9mlBQADFIbD5nyVihjsyzvcuIF4RgaR/FwB+B0U8fAzZb/u+h6UvPnuBJAFAxIAKQxIGcxt2ulqpzsuieWvIBq6hv8Ay0LvdB/jPFwBw1y1EoxyX01bnlnXbH2dDSU7KanYGRxizQPiXE8XE3JPElXqJuUUiw+VWKIOWCB86moFErcFaSoVqgZZ3ehCXkqeEiEVKbHtFkuzfXWorLBr0R0UXajyQ7wCRk5kx8YHVReToafSecjkftG3yNJGKencBUytJB4QR+9M7lbO19T0sc9klFY8zXY1WsLs8/3e2b2bRO8HG65iD9Ri788l/fd46DLmtWlp2rfLs8X4rrvbSdNb91dv1foQ18wlcAM2NNxf3ncXn6KUnufwKaoeyjz2/ovQewKSISeSdgU0VMnYmVslBTIBugWAgoFgc1MTJGoIMeCgjgD5EZGolSaVRZfCBWIJ0Uey7hFqDZ+WJ5sOZU1D1KZ3+US/Cyw9gW5OcMz/AEt1PU5KXXRneZPnn4I0aPZjicRuPxHN/wAfd4afFQdiXRrr0jkvf4Xp/P1NJuzIwO6PMKp2M2KmCX2TqlxzvBQMSACkMSBnPbz7bkY9lDRgOrJhdt82wR+9US8mjgOJ56Jxi5Mtrr3PJr7s7EioqcQxXcSS+WR2b5pXd+R54kn4LZGGEb44SwajpFNRByK8kimomecirJIrlEx2SZDiUsEIxyTxqDOlTWO16JFepux7qCkc/lld09zZun5qxQwss36etZM7ereJlBSmVwxvccEMQOckh0HQak8B4kLPbNROo5KuJ5NsqlfUSvrKo9pifieeE0oybG0fwmWt4kcgo6anc98ujynjHiDj/wDTW/efb9F+5a2xWkkxg5n/AFCPlGPAcVrsnl4RxtNSopTfy/cqRNsoJF03ksMCmUsnYpIrZKCmQY4FBHAboyIcCjIhwKBYHY0xYAZUsj2kbnE6IJJJEsNETmch4p7SErkuEWomNA9gA/jdk3y4uPRSS9CqTb+1+HmXaXZ73m/+940/pZoFFzijRXppy+C/nz/I2aXZ7WZ6u5nM+tVVKxs210xh0vmXQ3168lW2XKORyi2T2fE2lzDsCQAUhhQMw96t4BSRtaxva1ExwU8A1kfzPJjdSdAiMXJ4RKEdwzdXYn7M18kru0qZzjqJvvO4MbyjboB4Lo107UaoyXkb4kU9pbkTnowJsheVNIpkiB6sRS4DWpssrr5Jmjgq2arZqqBJZROVJtvJU2jNhbYan8lbVHc8kd20oz18VPA+ondhjYLuJ+QA4kmwA4kp3zUVlnS0zSXJ5PUVE206x0812NAyHCngOjB/NeMydQD0C59UHdPL6MXiniH9PD1k+Ev1+Re2nWiNrWRjCcNo2j92zTF/UeC6E5KKwjy9FLsk5z59X6v9jIhZZVJGybyWWKSKWTsCmiqRM1MrY8FAhwKYhXQLAcSAwDtEg2ixEpjwkWaekc5NIpnaolyONo7oxEanRo6uUkl5FDlJ98fmWoKN0h59RZg6N1Pn80pSS7LqqJS64Xr/AD9DXptmNb7TvaPjoOg4DJUuxs3V0Qh0aAZ69dQq8l+BwHr15oyTSHAevXRLJOKH2Uck9pqrmnUCkMKBmVvNt+GhpnVM5yGTWjvSPPdY3xNj0AJ4ISyOMXJ4MXdjZUhJ2jWZ1U7RZvu08JzbCzlkbuPE+d+jp6lFZFZZj3V0dD2i1bQjahwmS2l0bULtkbCXtBjpk1ETsRGZLqW3AlLPRNE1QkzbBKEdzLDW2VecnNuu3yDZBSZW2HWdcmwAvc5ADUkrTQ0olF7axg8l2/tmTaNQyKH/AEWOPYtOkj25OqZB/DboBxv4kLn2Sd9m2PRtldHSUe0t/j9C9M+OmhDG+0ATme9NLxc7wH6eC2+7VDCPLL2mruc59v8A4r0+8wQ4ucXuN3ONyVSuXlm9pRW2PSLDApIqZOwKSKmTtUipkgTIhugQsSAwAvSyPAMSB4J4KZzuCaiVTsUTQhga027zuQ4dTwU0kjNKcpc9ItRQOfla/wCFuTB1d7ybaXYoVyk/dXz/AJ0bFLsq1i/O2gGQHRUysb6NtemjHl8s0mMA0Hr0VVk1EgCCaSHBqjksjFD8KRYkhwalkmojuzSyS2miucdEKAEkB4d9vNTKa2KM37JsQc3lje52Inxs1o8lNLg0U4wWt1/teDY2Q18ROEBvbRWuQMgXxnjzIPktVeoceGRnQn0eibJ25S1bcVLOyTK5aDZ46sNnD4LbC2MumYp1Tj2W3gq9NFW6RGbqXAKUhzYyUnJI0Vwk+y1DAVVKZugo1rLLrI7KhvJRbc5jrIKMMVkBg8n+0zeUTymgpySxpDahzNZH39mmYed+8eFrcDfPZY37kS+MYwXtJ+X0KNFStpYnYyA8gdq5ujGjuws+NvnxW2utUw578zy+q1M9dcnFe7/av1ZhVznTSYtCAcDfdMYOrf8AuGoPgqHLfL8jfVGNUMLleb88/H9BQu4ceKlFkZrBajCmjPIsMUitkoUitjsSBYGl6WR4Gl6MksEsMDncE8ZITmomhFStbbFmeDRmSpxSRllbKXXXqXYonO9kC34Wa/8AU/QdBmpN+pXGO5+7z8X+xr0ex8vb0+63IdTxPmqpWehrhp0nmXLNaKENFmi3r/Kqbz2aV1hEob69dEiaQ4NSLEh2H1680sk9o/B69dEsk1EeGqJYkODfXrzSJ4D2aQ8F4LAbhJAJAHOb57sMrI74R2jRYae037ueR6HL8xfTOK92fX5Ge6NsX7Sl8rteTX7/ABPG9rbjkE4AQ4atAsR1jcfyPktEtI8Zg8ohV4zXnbctr+hy82zZ4H4hiDm54mYg5vjbJzetlmcXF4Z1oThZHdF5R1G7/wBqVdT2bMRUsHCX/Ut4SjO/i7ErI3ziRlTF+R6du59pezKmzZHmmf8AdmsGHpKPZt/VhVy1JX7HB3DGsIDmkOBzBGYI5g8VYptkXLAUFbbYkyIkAcP9pO95pmfstO4CokaS598qeLjKfxHRo8+V6LbMLCLqq88vo4fd7ZghY2Zws8g9k12rGnvTP/G7XwGXNadNRsW6Xf5HA8U13t5exr+wu/i/RFepkdO+zb9m05X1e7i8/TwULJ+0lx0SprVEMv7T+i9DoNl7NIs7CDbOxANrixI5GxIVtfuvJz9TZvTWSjtnYn72IW5jl/b8uissqX2ohpdY/wD87DLhdwIsRwVaNc15ostUylhxIFgaXpEsD44i7RGCMpKJfiog3N5t4ak9ArFHHZmlc5cRL0cbj7LRg8ALyH6N81L6FHb9X9P9mvQ7GPveyDqAfaP9TtT+XgoOxLovjQ28zfy/nRswUzWD2QB6/wAqlvJqisdIsBqRYkODVEtSHBqCWBwaok8Dw1IsQ8N9evNIngcGpEkPDUiaHYEZJYJ1gNIUhkVRUtYLuNvDiegVkKpTfCM2p1lOnWbJY/P8DJqtrOOTPZHP3v7LfXo4rmfJ5jWePWz92lbV6+f+jGqaZr83a8+PxWxLHRxlfPOW85Mys2Q13faHjhcZjxB1Hkh7ZcTRso1s63mDaZye3Nz4iC8OAube2cJudB2gH/6Dlns0cHzBnodH47Y3tsjn4rv8Dj9qbrzQ8MuGKwv0f3T8QfBYrKZw7R3tPrqL/sS59OmM2PvFXUD7QTSRcTGc2HrG7I9bKCk10anFPs9I3d+2gGzK+C382DTzjcb/AAd5K6N/qUyo9D0rY28dJVtxU1RHJzaHWeOrHWcPMK5WRZS62jK3w32gomFjHNlqXZRwNIccR0Mlu63jnmeHNQnal0ShU2+Ty7Y1G6aR1XUkyYpMTif+YmByA/lMOQGmXIKWmp3PfI5niuu2L+nqfL7fov3Zo1znSuMYN7n/ANRw420jHgOKvtnu91fM5WnrVcd7+S/U19l7JDQLhEYGe7VNnQU8IA09eircGJ2ZBV0gfnbMG+fhomngMtrHRy22tj6vYLW1H3f/AB/Lpo5wTW6Jr02pafs7O/59TBEpBsdVSmdBwXaJo2l2iaKm0i/DQ2GJ5sPFWKPqZpXZeIl6JmgYMIOjiLuP9LfqVP7ih8v3uX6GrQbHcfaN2/iObz5+75KDsS6LVTKX2uvT+fqblJQsjFmjz4lVSk32aIQUekW8Pr11USzaxwallE4xY8N9eugUcliixzW+vXVLJYojw31680sk1H0HBvr10SyWJMeGevXVLJJRHhqWSaQ9rfXrolkkkPaxLJNIfgSyS2sinnawXcbfmeg4rNCuU3iKI36qnTx3WSwZVVtcnKMYRzOv6BbqtGlzM8zrPH7J+7QsL1fZnOcSbk3PM5rYklwjz85ym90nljUyIkxgIQPkjlga4WIvfJGCcJyi8plKPZTWAhgGE+5wHQaDyQnt48jU75WcyfK8/M5/be7kBGUbmg6hrQ5o8ez+rc1VZRVPlHY0Xi2pr4ck16P9zi9o7nGxdCcQHFl3gdWd9v8AuWOelkuY8noaPF6Z4Vnuv49fiYjdiPxYccY6usf/AK2xfJZ9r9DpKyDWcrH3nS7D3aw5vJa09+Qgte8fciac2g8XGx5LTTpXJ5lwjla3xWFacaXul9F951pYbiOMBpAwtaNImaC34it1ktq2xPO1pSbnN59X/k/2NfZmyWsAyVcY4IW2uTNiOABTyZGskzYwjIKvI7CEsk9iIaikDtNfkfA/NOM3Ek61Pg4Db2xpInktaS29xzHh4hRnHPMTo0XLG2zh/RjdnuectD4RuJ/RODZC6MM8c/M6PZ+xnuOIgj8T83eTdG/NSckihVuXwX8+Z0NHs1jMwLniTmT5/BQlNsujBRXBeAUCxJjgEmTQ4NSyWKI8NUcliiPaPXrolkmkxwYlks2jw3166pZJYHgJZJ4HBqWSWCRrEsk1EkaxJsmokrI1HJYokgYlkntOJe8k3JJPMrqRiorCPmNlkrJbpvL+ILpkAXTAV0DBdPACujAxIAV0EgPFxnmlgnua6ZSqNmMccQycNDx+PLwSNNeoaWG+CvNTuBu0EeLbH81P2iJReVjOfvIG0bibgG/3n5kdAoyn6F6x1J8eiNCh2eGdTqTqTzVaQSt3eZoty9eualgp3P1JGlIkufMcEE0hyRZjgc1ImlkRiB19esksliQmU7Ro0fD1zSbLUiYN8EsjUcjmxpNlkax4Z69dVHJYoIcGoySUEPDVHJaooeGevXVLJYooc1qWSSQ8NSyTwPDUsklEkaxLJNRJGxpZLFAlbGo5LFElbGlkmoErY0sliiSYUsksHnq658oEmGAIGhWQPASEDaDboglgcB0SJpAt0QPCHW6JFiXAcPRGSW0WHokTSwODAkWrHmIN6IDaODUZJKI4BBNIIalkkoocAkTSHWSJpDg1LJYoocGpZJKKHAJNliSHtalksikShqjktUQtak2SUUPaxLJZGKHhqTZNRHtYlkkokjY0sliiStjSyWKBI2NRyTUSVsaRYokjY0sliiStYok0h4ageB2FIfB51UQljnMdq0kHyXZjJNZR8quplVZKuXaeBlkyvArJjwCyAwHAlkntyEMQNR+AcHCyMk1HnGB3Z+CWSarzzgQb4IyS2+WBwZlolkmo8dBLEsktvwCG+vXVIml8BwYgsURwb6+P6JDSHBvr11SLEkODUixLA4D18f0SJpIeB69dVEtSQ8NQSSTHBnr10UclqiuiUNSLUkODEiaQ8MUck0h7WJFiQ8MSySUSRsaRYokjY0sk1ElbGlksUSRsaWSaiStjUcliiSNYlkmkPDUEsDgEhocAgYUhn//Z');

--
-- Índices para tablas volcadas
--

--
-- Indices de la tabla `tbl_customers`
--
ALTER TABLE `tbl_customers`
  ADD PRIMARY KEY (`CustomerID`);

--
-- Indices de la tabla `tbl_nombers`
--
ALTER TABLE `tbl_nombers`
  ADD PRIMARY KEY (`ProductID`);

--
-- Indices de la tabla `tbl_orders`
--
ALTER TABLE `tbl_orders`
  ADD PRIMARY KEY (`OrderID`),
  ADD KEY `ProductID` (`ProductID`),
  ADD KEY `CustomerID` (`CustomerID`);

--
-- Indices de la tabla `tbl_products`
--
ALTER TABLE `tbl_products`
  ADD PRIMARY KEY (`ProductID`);

--
-- AUTO_INCREMENT de las tablas volcadas
--

--
-- AUTO_INCREMENT de la tabla `tbl_customers`
--
ALTER TABLE `tbl_customers`
  MODIFY `CustomerID` int(11) NOT NULL AUTO_INCREMENT, AUTO_INCREMENT=20;

--
-- AUTO_INCREMENT de la tabla `tbl_nombers`
--
ALTER TABLE `tbl_nombers`
  MODIFY `ProductID` int(11) NOT NULL AUTO_INCREMENT;

--
-- AUTO_INCREMENT de la tabla `tbl_orders`
--
ALTER TABLE `tbl_orders`
  MODIFY `OrderID` int(11) NOT NULL AUTO_INCREMENT, AUTO_INCREMENT=20;

--
-- AUTO_INCREMENT de la tabla `tbl_products`
--
ALTER TABLE `tbl_products`
  MODIFY `ProductID` int(11) NOT NULL AUTO_INCREMENT, AUTO_INCREMENT=22;

--
-- Restricciones para tablas volcadas
--

--
-- Filtros para la tabla `tbl_orders`
--
ALTER TABLE `tbl_orders`
  ADD CONSTRAINT `tbl_orders_ibfk_1` FOREIGN KEY (`ProductID`) REFERENCES `tbl_products` (`ProductID`),
  ADD CONSTRAINT `tbl_orders_ibfk_2` FOREIGN KEY (`CustomerID`) REFERENCES `tbl_customers` (`CustomerID`);
COMMIT;

/*!40101 SET CHARACTER_SET_CLIENT=@OLD_CHARACTER_SET_CLIENT */;
/*!40101 SET CHARACTER_SET_RESULTS=@OLD_CHARACTER_SET_RESULTS */;
/*!40101 SET COLLATION_CONNECTION=@OLD_COLLATION_CONNECTION */;
